<?xml version="1.0" encoding="UTF-8"?>
<beans xmlns="http://www.springframework.org/schema/beans"
	xmlns:xsi="http://www.w3.org/2001/XMLSchema-instance"
	xmlns:mybatis-spring="http://mybatis.org/schema/mybatis-spring"
	xmlns:context="http://www.springframework.org/schema/context"
	xsi:schemaLocation="http://mybatis.org/schema/mybatis-spring http://mybatis.org/schema/mybatis-spring-1.2.xsd
		http://www.springframework.org/schema/beans https://www.springframework.org/schema/beans/spring-beans.xsd
		http://www.springframework.org/schema/context http://www.springframework.org/schema/context/spring-context-4.3.xsd">
	
	<!-- Root Context: defines shared resources visible to all other web components -->
		<context:component-scan base-package="kr.co.ezen.service" />
		
		<!-- hikariCP Config -->
		<bean class="com.zaxxer.hikari.HikariConfig" id="hikariConfig">
			<!-- 이 안에 값을 주입해볼것이다. -->
			<property name="driverClassName" value="com.mysql.jdbc.Driver"/>
			<property name="jdbcUrl" value="jdbc:mysql://localhost:3306/com"/>
			<property name="username" value="com"/>
			<property name="password" value="com01"/>
		</bean>
		
		<!-- hikariCP dataSource -->
		<bean class="com.zaxxer.hikari.HikariDataSource" id="dataSource" destroy-method="close">
			<!-- 생성자주입 -->
			<!-- 위에서 설정해준 config (DB정보)를 ref로 주입 -->
			<constructor-arg ref="hikariConfig"></constructor-arg>
		
		</bean>
		
		<!-- SqlSessionFactoryBean -->
		<!-- 위의 dataSource를 생성자로 삽입 -->
		<bean class="org.mybatis.spring.SqlSessionFactoryBean">
			<property name="dataSource" ref="dataSource"></property>
		</bean>
		
		<!-- mapper 스캔 -->
		<!-- mybatis spring -->
		<mybatis-spring:scan base-package="kr.co.ezen.mapper"/>
		
		
</beans>
